匿名编号,阶段,相对日期,有电脑记笔记机会,展示前下载意愿,签名提示接受度,现有Node环境可用,独立摸头成功,独立新建成功,独立续写成功,核心流程耗时秒,求助次数,主动打开,实际完成的事,原工具,比原工具少的步骤,回来或没回来的原因,数据丢失或错误,第7天愿意保留
S01,首次,D0,,,,,,,,,,,,,,,,
S02,首次,D0,,,,,,,,,,,,,,,,
S03,首次,D0,,,,,,,,,,,,,,,,
S04,首次,D0,,,,,,,,,,,,,,,,
S05,首次,D0,,,,,,,,,,,,,,,,
S01,使用日记,D1,,,,,,,,,,,,,,,,
S01,使用日记,D2,,,,,,,,,,,,,,,,
S01,使用日记,D3,,,,,,,,,,,,,,,,
S01,使用日记,D4,,,,,,,,,,,,,,,,
S01,使用日记,D5,,,,,,,,,,,,,,,,
S01,使用日记,D6,,,,,,,,,,,,,,,,
S01,使用日记,D7,,,,,,,,,,,,,,,,
S01,结束,D7,,,,,,,,,,,,,,,,
S02,使用日记,D1,,,,,,,,,,,,,,,,
S02,使用日记,D2,,,,,,,,,,,,,,,,
S02,使用日记,D3,,,,,,,,,,,,,,,,
S02,使用日记,D4,,,,,,,,,,,,,,,,
S02,使用日记,D5,,,,,,,,,,,,,,,,
S02,使用日记,D6,,,,,,,,,,,,,,,,
S02,使用日记,D7,,,,,,,,,,,,,,,,
S02,结束,D7,,,,,,,,,,,,,,,,
S03,使用日记,D1,,,,,,,,,,,,,,,,
S03,使用日记,D2,,,,,,,,,,,,,,,,
S03,使用日记,D3,,,,,,,,,,,,,,,,
S03,使用日记,D4,,,,,,,,,,,,,,,,
S03,使用日记,D5,,,,,,,,,,,,,,,,
S03,使用日记,D6,,,,,,,,,,,,,,,,
S03,使用日记,D7,,,,,,,,,,,,,,,,
S03,结束,D7,,,,,,,,,,,,,,,,
S04,使用日记,D1,,,,,,,,,,,,,,,,
S04,使用日记,D2,,,,,,,,,,,,,,,,
S04,使用日记,D3,,,,,,,,,,,,,,,,
S04,使用日记,D4,,,,,,,,,,,,,,,,
S04,使用日记,D5,,,,,,,,,,,,,,,,
S04,使用日记,D6,,,,,,,,,,,,,,,,
S04,使用日记,D7,,,,,,,,,,,,,,,,
S04,结束,D7,,,,,,,,,,,,,,,,
S05,使用日记,D1,,,,,,,,,,,,,,,,
S05,使用日记,D2,,,,,,,,,,,,,,,,
S05,使用日记,D3,,,,,,,,,,,,,,,,
S05,使用日记,D4,,,,,,,,,,,,,,,,
S05,使用日记,D5,,,,,,,,,,,,,,,,
S05,使用日记,D6,,,,,,,,,,,,,,,,
S05,使用日记,D7,,,,,,,,,,,,,,,,
S05,结束,D7,,,,,,,,,,,,,,,,
